id;cadastrado_em;modificado_em;nome;posicao;numeracao;tipo;conta_pai_id;excluido;selecionavel;essencial
110153;2018-08-21 13:55:00.132433+00;2018-08-21 13:55:00.132469+00;ACAMPAMENTOS - Cantina;10902;1.09.02;E;110151;false;true;false
110152;2018-08-21 13:51:00.997309+00;2018-08-21 13:51:00.997344+00;ACAMPAMENTOS - Eventos;10901;1.09.01;E;110151;false;true;false
110154;2018-08-21 13:56:22.38012+00;2018-08-21 13:56:22.380154+00;ACAMPAMENTOS - Expositores;10903;1.09.03;E;110151;false;true;false
110156;2018-08-21 14:01:33.179579+00;2018-08-21 14:18:05.074998+00;ACAMPAMENTOS - Livraria;10905;1.09.05;E;110151;false;true;false
110155;2018-08-21 13:59:55.318714+00;2018-08-21 13:59:55.31875+00;ACAMPAMENTOS - Restaurante;10904;1.09.04;E;110151;false;true;false
110180;2020-03-13 16:32:46.556578+00;2020-03-13 17:17:57.388641+00;ACAMPAMENTOS - Taxa de Ocupação;10906;1.09.06;E;110151;false;true;false
110151;2018-08-21 13:50:10.533241+00;2018-08-21 13:51:18.184012+00;ACAMPAMENTOS e CENTROS DE CONVENÇÕES;109;1.09;E;1;false;false;false
110027;2016-10-24 13:40:41.754526+00;2016-10-25 22:27:51.592598+00;AJUDA A BISPOS JUBILADOS - 1 REGIÃO;11210;1.12.10;E;110024;true;true;false
110028;2016-10-24 13:41:18.131659+00;2016-10-25 22:27:59.61855+00;AJUDA A BISPOS JUBILADOS - 2 REGIÃO;11211;1.12.11;E;110024;true;true;false
110029;2016-10-24 13:41:39.006256+00;2016-10-25 22:28:31.338145+00;AJUDA A BISPOS JUBILADOS - 3 REGIÃO;11212;1.12.12;E;110024;true;true;false
110030;2016-10-24 13:42:11.962144+00;2016-10-25 22:28:37.998726+00;AJUDA A BISPOS JUBILADOS - 4 REGIÃO;11213;1.12.13;E;110024;true;true;false
110031;2016-10-24 13:42:38.020361+00;2016-10-25 22:28:44.881788+00;AJUDA A BISPOS JUBILADOS - 5 REGIÃO;11214;1.12.14;E;110024;true;false;false
110032;2016-10-24 13:43:01.507805+00;2016-10-25 22:28:53.837347+00;AJUDA A BISPOS JUBILADOS - 6 REGIÃO;11215;1.12.15;E;110024;true;true;false
110033;2016-10-24 13:43:20.789712+00;2016-10-25 22:29:10.312018+00;AJUDA A BISPOS JUBILADOS - 7 REGIÃO;11216;1.12.16;E;110024;true;true;false
110034;2016-10-24 13:43:56.888519+00;2016-10-25 22:29:16.925372+00;AJUDA A BISPOS JUBILADOS - 8 REGIÃO;11217;1.12.17;E;110024;true;true;false
110035;2016-10-24 13:44:25.863915+00;2016-10-25 22:29:24.60399+00;AJUDA A BISPOS JUBILADOS - SGAS;11220;1.12.20;E;110024;true;true;false
110025;2016-10-24 13:39:21.086702+00;2016-10-25 22:27:36.752393+00;AJUDA A REGIÃO EUROPÉIA - 1 REGIÃO;11201;1.12.01;E;110024;true;true;false
110026;2016-10-24 13:39:44.0931+00;2016-10-25 22:27:44.852219+00;AJUDA A REGIÃO EUROPÉIA - 6 REGIÃO;11202;1.12.02;E;110024;true;true;false
110099;2017-01-31 20:23:34.970962+00;2017-01-31 20:23:34.971001+00;Ação Social Local;10212;1.02.12;E;7;false;true;false
43;2016-09-13 23:30:35.159926+00;2016-10-25 17:14:57.60958+00;BANCO;108;1.08;E;1;false;false;false
222;2016-09-16 21:19:48.246821+00;2016-10-25 17:14:43.436331+00;BANCO - Empréstimos Contratados;10802;1.08.02;E;43;false;true;false
110074;2016-10-25 17:15:35.890669+00;2016-10-25 17:15:35.890712+00;BANCO - Estorno de Tarifas;10803;1.08.03;E;43;false;true;false
44;2016-09-13 23:30:53.019844+00;2017-02-08 20:04:00.235917+00;BANCO - Rendimentos de Aplicações Financeiras;10801;1.08.01;E;43;false;true;false
110005;2016-10-21 12:06:22.637876+00;2016-10-26 01:50:05.78337+00;COTA/OFERTA DAS REGIÕES;110;1.10;E;1;false;false;false
110007;2016-10-21 12:07:58.425396+00;2016-10-25 22:06:32.754224+00;COTA/OFERTA DAS REGIÕES - 2 Região;11002;1.10.02;E;110005;true;true;false
110008;2016-10-21 12:08:17.830112+00;2016-10-25 22:07:09.047294+00;COTA/OFERTA DAS REGIÕES - 3 Região;11003;1.10.03;E;110005;true;true;false
110009;2016-10-21 12:08:47.192363+00;2016-10-25 22:07:16.317521+00;COTA/OFERTA DAS REGIÕES - 4 Região;11004;1.10.04;E;110005;true;true;false
110010;2016-10-21 12:09:11.099745+00;2016-10-25 22:07:23.466106+00;COTA/OFERTA DAS REGIÕES - 5 Região;11005;1.10.05;E;110005;true;true;false
110011;2016-10-21 12:09:54.269309+00;2016-10-25 22:07:30.262044+00;COTA/OFERTA DAS REGIÕES - 6 Região;11006;1.10.06;E;110005;true;true;false
110012;2016-10-21 12:11:01.402202+00;2016-10-25 22:07:36.50528+00;COTA/OFERTA DAS REGIÕES - 7 Região;11007;1.10.07;E;110005;true;true;false
110013;2016-10-21 12:11:51.862871+00;2016-10-25 22:07:44.686517+00;COTA/OFERTA DAS REGIÕES - 8 Região;11008;1.10.08;E;110005;true;true;false
110006;2016-10-21 12:07:14.664179+00;2016-10-26 01:56:21.018472+00;COTA/OFERTA DAS REGIÕES - Ajuda a Clérigos Jubilados;11001;1.10.01;E;110005;false;true;false
110089;2016-10-26 01:54:44.762874+00;2016-10-26 01:56:34.390798+00;COTA/OFERTA DAS REGIÕES - Ajuda a Clérigos Jubilados;11003;1.10.031;E;110005;true;true;false
110024;2016-10-24 13:37:11.80559+00;2016-10-26 01:54:00.282546+00;COTA/OFERTA DAS REGIÕES - Manutenção de Regiões;11002;1.10.02;E;110005;false;true;false
110014;2016-10-21 12:14:09.619138+00;2016-10-25 22:07:54.499212+00;COTA/OFERTA DAS REGIÕES - Região Europeia;11030;1.10.30;E;110005;true;true;false
110017;2016-10-24 13:21:40.344744+00;2016-10-25 17:11:36.631801+00;COTA/OFERTA DAS SECRETARIAS E  ÓRGÃOS GERAIS;111;1.11;E;1;true;false;false
110023;2016-10-24 13:24:53.91124+00;2016-10-25 17:11:29.047327+00;COTA/OFERTA DAS SECRETARIAS E  ÓRGÃOS GERAIS - AGEMIW - Agência Missionária Wesleyana;11120;1.11.20;E;110017;true;true;false
110020;2016-10-24 13:23:21.061145+00;2016-10-25 17:11:56.335458+00;COTA/OFERTA DAS SECRETARIAS E  ÓRGÃOS GERAIS - SGA - Secretaria Geral de Administração;11103;1.11.03;E;110017;true;true;false
110022;2016-10-24 13:24:19.347776+00;2016-10-25 17:12:09.098678+00;COTA/OFERTA DAS SECRETARIAS E  ÓRGÃOS GERAIS - SGAS - Secretaria Geral de Ação Social;11105;1.11.05;E;110017;true;true;false
110018;2016-10-24 13:22:31.814776+00;2016-10-25 17:11:43.050262+00;COTA/OFERTA DAS SECRETARIAS E  ÓRGÃOS GERAIS - SGEC - Secretaria Geral de Educação Cristã;11101;1.11.01;E;110017;true;true;false
110021;2016-10-24 13:23:52.335768+00;2016-10-25 17:12:15.704683+00;COTA/OFERTA DAS SECRETARIAS E  ÓRGÃOS GERAIS - SGF - Secretaria Geral de Finanças;11104;1.11.04;E;110017;true;true;false
110019;2016-10-24 13:22:54.322522+00;2016-10-25 17:11:49.425516+00;COTA/OFERTA DAS SECRETARIAS E  ÓRGÃOS GERAIS - SGM - Secretaria Geral de Missões;11102;1.11.02;E;110017;true;true;false
5;2016-09-13 21:38:59.077984+00;2016-09-19 18:38:34.906146+00;Dizimo dos Congregados;10102;1.01.02;E;3;false;true;false
4;2016-09-13 21:38:12.836648+00;2016-10-25 16:37:29.790359+00;Dizimo dos Membros;10101;1.01.01;E;3;false;true;true
3;2016-09-13 21:12:06.908998+00;2016-10-26 01:58:52.648503+00;DÍZIMOS;101;1.01;E;1;false;false;false
6;2016-09-13 23:11:26.375518+00;2022-02-18 12:45:14.423557+00;Dízimo dos Clérigos;10103;1.01.03;E;3;false;false;false
110186;2022-02-16 21:54:14.533574+00;2023-01-17 23:19:23.612204+00;Dízimo dos Clérigos (100% conforme FIW 2022/2023);10107;1.01.07;E;3;false;true;false
110173;2019-06-08 22:16:24.652766+00;2022-03-03 04:18:19.844318+00;Dízimo dos Clérigos (25% do Dizimo para a SGAS);10105;1.01.05;E;3;false;false;false
110174;2019-07-08 18:33:55.416794+00;2022-02-18 12:44:19.338752+00;Dízimo dos Clérigos (25% do Dizimo para o Distrito, conforme a Região/Distrito);10106;1.01.06;E;3;false;false;false
110172;2019-06-08 22:15:22.775458+00;2023-01-17 23:20:09.538214+00;Dízimo dos Clérigos (50% do Dizimo para o FIW);10104;1.01.04;E;3;false;false;false
24;2016-09-13 23:22:08.933451+00;2016-10-25 22:19:01.615638+00;EMPRÉSTIMOS;104;1.04;E;1;false;false;false
110083;2016-10-25 22:23:12.687116+00;2016-10-25 22:23:12.687155+00;EMPRÉSTIMOS - Distrito;10405;1.04.05;E;24;false;true;false
26;2016-09-13 23:23:10.515519+00;2016-10-25 22:21:26.344601+00;EMPRÉSTIMOS - FIW - Fundo Imobiliário Wesleyano;10402;1.04.02;E;24;false;true;false
27;2016-09-13 23:23:35.119062+00;2016-10-25 22:21:47.597704+00;EMPRÉSTIMOS - Outras Igrejas;10403;1.04.03;E;24;false;true;false
28;2016-09-13 23:23:59.495337+00;2016-10-25 22:22:11.820573+00;EMPRÉSTIMOS - Outras Secretarias;10404;1.04.04;E;24;false;true;false
29;2016-09-13 23:24:21.539174+00;2016-10-25 22:22:27.856447+00;EMPRÉSTIMOS - Outros;10499;1.04.99;E;24;false;true;false
25;2016-09-13 23:22:41.104516+00;2016-10-25 22:21:05.653346+00;EMPRÉSTIMOS - SGF/SRF - Secretaria de Finanças;10401;1.04.01;E;24;false;true;false
1;2016-05-24 02:07:26.124+00;2016-10-25 22:15:38.373445+00;ENTRADAS;1;1;E;\0;false;false;false
40;2016-09-13 23:29:08.206048+00;2016-10-26 01:57:46.061834+00;IMPOSTO RETIDO;107;1.07;E;1;false;false;false
19;2016-09-13 23:19:38.611092+00;2016-09-14 01:43:49.29514+00;INSTITUIÇÕES;1;1.03;E;1;false;false;false
20;2016-09-13 23:20:06.409019+00;2016-09-19 18:38:35.009825+00;INSTITUIÇÕES - Acampamentos;10301;1.03.01;E;19;false;true;false
21;2016-09-13 23:20:29.558961+00;2016-09-19 18:38:35.017125+00;INSTITUIÇÕES - CEFORTE;10302;1.03.02;E;19;false;true;false
22;2016-09-13 23:20:50.361393+00;2016-09-19 18:38:35.024682+00;INSTITUIÇÕES - Casa Bom Pastor;10303;1.03.03;E;19;false;true;false
110168;2019-03-28 18:43:51.092273+00;2019-03-28 18:43:51.09231+00;INSTITUIÇÕES - Outras IMW;10304;1.03.04;E;19;false;true;false
23;2016-09-13 23:21:27.821888+00;2016-10-25 17:02:09.523476+00;INSTITUIÇÕES - Outras Instituições;10399;1.03.99;E;19;false;true;false
110165;2019-01-09 13:59:16.041403+00;2019-01-09 13:59:16.041442+00;IRRF - Repasse Imposto Retido Clérigos das Igrejas;10703;1.07.03;E;40;false;true;false
110166;2019-01-09 13:59:50.419709+00;2019-01-09 13:59:50.419745+00;IRRF - Repasse Imposto Retido Terceiros das Igrejas;10704;1.07.04;E;40;false;true;false
41;2016-09-13 23:29:39.487126+00;2019-04-16 22:03:36.624804+00;Imposto de Renda Retido - Clérigos;10701;1.07.01;E;40;false;true;true
42;2016-09-13 23:30:01.813888+00;2016-10-25 22:24:28.106872+00;Imposto de Renda Retido - Terceiros;10702;1.07.02;E;40;false;true;false
7;2016-09-13 23:12:15.69972+00;2016-09-14 01:40:50.267395+00;OFERTAS;1;1.02;E;1;false;false;false
30;2016-09-13 23:25:39.670177+00;2016-09-14 01:56:28.080793+00;OUTRAS RECEITAS;1;1.05;E;1;false;false;false
35;2016-09-13 23:27:14.003419+00;2016-09-19 18:38:35.113467+00;OUTRAS RECEITAS - Alugueis;10505;1.05.05;E;30;false;true;false
33;2016-09-13 23:26:28.117137+00;2016-09-19 18:38:35.09809+00;OUTRAS RECEITAS - Bazar;10503;1.05.03;E;30;false;true;false
32;2016-09-13 23:26:11.801563+00;2016-09-19 18:38:35.091242+00;OUTRAS RECEITAS - Cantina;10502;1.05.02;E;30;false;true;false
110176;2019-07-16 19:02:03.174665+00;2019-07-16 19:02:03.174707+00;OUTRAS RECEITAS - Doação do FIW;10508;1.05.08;E;30;false;true;false
31;2016-09-13 23:25:54.529726+00;2016-09-19 18:38:35.084531+00;OUTRAS RECEITAS - Eventos;10501;1.05.01;E;30;false;true;false
34;2016-09-13 23:26:56.726806+00;2016-09-19 18:38:35.105484+00;OUTRAS RECEITAS - Livraria (Bíblias, Livros e CDs);10504;1.05.04;E;30;false;true;false
36;2016-09-13 23:27:28.264337+00;2017-01-09 14:39:02.369195+00;OUTRAS RECEITAS - Outros;10599;1.05.99;E;30;false;true;false
110147;2018-06-30 13:56:41.828219+00;2018-06-30 13:56:41.828252+00;OUTRAS RECEITAS - Restituição de IPTU, ITBI e outros;10507;1.05.07;E;30;false;true;false
235;2016-10-04 18:13:49.185492+00;2016-10-04 18:14:08.876775+00;OUTRAS RECEITAS - Revistas EBD e Cânticos de Adoração;10506;1.05.06;E;30;false;true;false
17;2016-09-13 23:17:48.848073+00;2016-10-25 16:43:10.111972+00;Oferta Geral de Ação Social (Abril);10210;1.02.10;E;7;false;true;false
110116;2017-06-30 18:19:22.188563+00;2017-06-30 18:19:22.188615+00;Oferta Missões Distritais;10213;1.02.13;E;7;false;true;false
16;2016-09-13 23:17:13.255929+00;2017-06-30 18:17:39.139235+00;Oferta Missões Internacionais;10209;1.02.09;E;7;false;true;false
224;2016-09-16 21:26:53.180077+00;2017-06-30 18:18:24.072765+00;Oferta Missões Locais;10211;1.02.11;E;7;false;true;false
12;2016-09-13 23:14:58.404692+00;2017-06-30 18:18:00.209331+00;Oferta Missões Regionais;10205;1.02.05;E;7;false;true;false
13;2016-09-13 23:15:16.614724+00;2016-10-25 16:39:40.674518+00;Oferta Regional de Ação Social (5o Domingo);10206;1.02.06;E;7;false;true;false
15;2016-09-13 23:16:46.581046+00;2016-09-19 18:38:34.973086+00;Oferta Regional de Educação Cristã;10208;1.02.08;E;7;false;true;false
14;2016-09-13 23:16:07.807923+00;2016-09-19 18:38:34.96557+00;Oferta Regional de Finanças;10207;1.02.07;E;7;false;true;false
110133;2018-06-26 23:06:19.859948+00;2018-06-26 23:06:19.859981+00;Oferta de Construção;10216;1.02.16;E;7;false;true;false
8;2016-09-13 23:13:02.646304+00;2016-10-25 16:37:18.030754+00;Oferta de Culto;10201;1.02.01;E;7;false;true;true
110131;2018-06-26 23:04:58.098014+00;2018-06-26 23:41:18.492856+00;Oferta de Culto para Missões;10214;1.02.14;E;7;false;true;false
110132;2018-06-26 23:05:39.671752+00;2018-06-26 23:05:39.671785+00;Oferta de Gratidão;10215;1.02.15;E;7;false;true;false
11;2016-09-13 23:14:29.824698+00;2016-09-19 18:38:34.944325+00;Oferta dos Departamentos e Ministérios;10204;1.02.04;E;7;false;true;false
110135;2018-06-26 23:07:59.131454+00;2018-06-26 23:07:59.131507+00;Oferta para Aquisição de Bens Imóveis;10218;1.02.18;E;7;false;true;false
110134;2018-06-26 23:07:18.878663+00;2018-06-26 23:07:18.878697+00;Oferta para Aquisição de Bens móveis;10217;1.02.17;E;7;false;true;false
110181;2020-06-08 14:43:59.849122+00;2021-08-09 12:10:17.077344+00;Oferta para Aquisição de Cestas Básicas e Cobertores;10219;1.02.19;E;7;false;true;false
9;2016-09-13 23:13:36.799572+00;2016-09-19 18:38:34.928386+00;Ofertas Especiais;10202;1.02.02;E;7;false;true;false
10;2016-09-13 23:14:05.999384+00;2016-09-19 18:38:34.936308+00;Ofertas da EBD;10203;1.02.03;E;7;false;true;false
18;2016-09-13 23:18:19.629575+00;2016-11-09 18:23:31.660987+00;Outras Ofertas Gerais e Regionais;10299;1.02.99;E;7;false;true;false
37;2016-09-13 23:27:55.924216+00;2016-10-25 16:44:21.407253+00;PATRIMONIO;106;1.06;E;1;false;false;false
110130;2018-06-26 22:56:02.145495+00;2018-06-26 22:56:02.145552+00;PATRIMONIO - Consorcio Contemplado;10603;1.06.03;E;37;false;true;false
39;2016-09-13 23:28:36.224316+00;2016-10-25 16:44:47.588754+00;PATRIMONIO - Venda de Bens Imóveis;10602;1.06.02;E;37;false;true;false
38;2016-09-13 23:28:14.041551+00;2016-10-25 16:44:35.037447+00;PATRIMONIO - Venda de Bens Móveis;10601;1.06.01;E;37;false;true;false
110183;2021-05-25 14:29:08.415978+00;2021-05-25 14:30:33.900238+00;RECEBÍVEIS DA GIF (Gestão Integrada Financeira);125;1.25;E;1;false;false;false
110114;2017-06-27 15:41:27.024225+00;2017-06-27 15:41:27.024285+00;RECEBÍVEIS DA SGA/SRA - Procurações/Estatutos;12106;1.21.06;E;110075;false;true;false
110105;2017-06-19 14:58:31.60177+00;2017-06-21 17:57:41.438445+00;RECEBÍVEIS DA SGA/SRA - Repasse da GIF (Gestão Integrada Financeira);12102;1.21.02;E;110075;false;true;false
110106;2017-06-19 14:59:26.046959+00;2017-06-19 14:59:26.047006+00;RECEBÍVEIS DA SGA/SRA - Repasse das Igrejas Contribuições  (FGTS, INSS, PIS E SINDICAL);12103;1.21.03;E;110075;false;true;false
110108;2017-06-19 15:02:54.365521+00;2017-06-19 15:02:54.365606+00;RECEBÍVEIS DA SGA/SRA - Repasse das Igrejas Serviços Gerais;12105;1.21.05;E;110075;false;true;false
110107;2017-06-19 15:02:14.822613+00;2017-06-19 15:02:14.822671+00;RECEBÍVEIS DA SGA/SRA - Repasse das Igrejas Serviços de RH;12104;1.21.04;E;110075;false;true;false
110085;2016-10-25 22:33:18.225191+00;2019-06-10 23:40:59.083072+00;RECEBÍVEIS DA SGA/SRA - Repasse do FIW;12101;1.21.01;E;110075;false;true;false
110146;2018-06-27 00:11:21.33499+00;2020-08-12 19:22:09.247936+00;RECEBÍVEIS DA SGA/SRA - Reserva Intangível a disposição do SR - FIW;12107;1.21.07;E;110075;false;true;false
110075;2016-10-25 17:17:12.335315+00;2016-10-25 17:39:21.601939+00;RECEBÍVEIS DA SGA/SRA - SECRETARIAS DE ADMINISTRAÇÃO;121;1.21;E;1;false;false;false
110170;2019-05-29 23:34:49.37993+00;2019-05-29 23:34:49.379976+00;RECEBÍVEIS DA SGAS - 25% FIW dos Pastores;12304;1.23.04;E;110078;false;true;false
110087;2016-10-25 22:37:19.12588+00;2016-10-25 22:38:19.634828+00;RECEBÍVEIS DA SGAS - Oferta do Dia da Ação Social (Abril);12301;1.23.01;E;110078;false;true;false
110078;2016-10-25 17:19:10.17483+00;2016-10-25 17:40:03.904529+00;RECEBÍVEIS DA SGAS/SRAS - SECRETARIAS DE AÇÃO SOCIAL;123;1.23;E;1;false;false;false
110086;2016-10-25 22:34:08.277935+00;2016-10-25 22:34:08.27798+00;RECEBÍVEIS DA SGEC/SREC - Dízimo das EBD;12201;1.22.01;E;110076;false;true;false
110076;2016-10-25 17:17:42.302648+00;2016-10-25 17:39:43.467365+00;RECEBÍVEIS DA SGEC/SREC - SECRETARIAS DE EDUCAÇÃO CRISTÃ;122;1.22;E;1;false;false;false
110073;2016-10-25 16:55:26.317078+00;2016-10-25 16:55:26.317163+00;RECEBÍVEIS DA SGF - Ajuda a Bispos Jubilados;12004;1.20.04;E;110036;false;true;false
110042;2016-10-24 13:53:25.30539+00;2016-10-25 17:13:22.397619+00;RECEBÍVEIS DA SGF - Aplicações Financeiras;12010;1.20.10;E;110036;true;true;false
110038;2016-10-24 13:49:05.584415+00;2016-10-25 16:48:53.015245+00;RECEBÍVEIS DA SGF - CAW - Créditos em Conta Corrente;12002;1.20.02;E;110036;false;true;false
110039;2016-10-24 13:49:37.000246+00;2016-10-25 16:49:10.989591+00;RECEBÍVEIS DA SGF - CAW - Devolução Vida e Previdência;12003;1.20.03;E;110036;false;true;false
110037;2016-10-24 13:48:30.173114+00;2016-10-25 16:48:02.553186+00;RECEBÍVEIS DA SGF - CAW - Recebimento dos Pastores;12001;1.20.01;E;110036;false;true;false
110040;2016-10-24 13:51:13.717955+00;2016-10-25 22:30:04.822734+00;RECEBÍVEIS DA SGF - Devoluções;12050;1.20.50;E;110036;false;true;false
110041;2016-10-24 13:52:04.167853+00;2016-10-25 16:51:40.282527+00;RECEBÍVEIS DA SGF - Empréstimo Realizados;12051;1.20.51;E;110036;false;true;false
110043;2016-10-24 13:53:56.402402+00;2016-10-25 17:13:32.803534+00;RECEBÍVEIS DA SGF - Estorno Bancário;12011;1.20.11;E;110036;true;true;false
110044;2016-10-24 13:54:52.403391+00;2016-10-25 22:29:49.19705+00;RECEBÍVEIS DA SGF - Transferência de Fundos;12020;1.20.20;E;110036;false;true;false
110092;2016-11-10 00:46:33.785704+00;2022-07-20 18:52:34.461232+00;RECEBÍVEIS DA SGF/SGM/SRF - Cota Regionais (fixa);12006;1.20.06;E;110036;false;true;false
110084;2016-10-25 22:31:23.895187+00;2016-10-25 22:31:23.895227+00;RECEBÍVEIS DA SGF/SRF - Ajuda a Regiões;12005;1.20.05;E;110036;false;true;false
110113;2017-06-27 15:09:21.541033+00;2017-06-27 15:09:21.541181+00;RECEBÍVEIS DA SGF/SRF - Cota Regionais (outras cotas);12008;1.20.08;E;110036;false;true;false
110100;2017-05-05 15:55:56.819297+00;2017-05-05 15:55:56.819344+00;RECEBÍVEIS DA SGF/SRF - Cota dos Obreiros Jubilados (0,5%);12007;1.20.07;E;110036;false;true;false
110045;2016-10-24 13:55:18.815888+00;2017-06-13 19:11:29.69012+00;RECEBÍVEIS DA SGF/SRF - Outras Receitas;12099;1.20.99;E;110036;false;true;false
110177;2019-08-29 20:00:57.260876+00;2019-08-29 20:00:57.260927+00;RECEBÍVEIS DA SGF/SRF - Receitas de Concílios;12009;1.20.09;E;110036;false;true;false
110036;2016-10-24 13:46:45.731096+00;2016-10-25 17:40:43.921659+00;RECEBÍVEIS DA SGF/SRF - SECRETARIAS DE FINANÇAS;120;1.20;E;1;false;false;false
110124;2018-02-27 14:52:44.640038+00;2018-02-27 14:52:44.640084+00;RECEBÍVEIS DA SGM - Oferta para projetos especiais;12405;1.24.05;E;110077;false;true;false
110079;2016-10-25 17:38:05.040347+00;2016-10-25 22:39:17.245335+00;RECEBÍVEIS DA SGM - Ofertas do Dia de Missões Estrangeiras (Julho);12401;1.24.01;E;110077;false;true;false
110081;2016-10-25 17:43:51.815827+00;2016-10-25 22:39:54.712457+00;RECEBÍVEIS DA SGM - PAM - Plano de Adoção Missionária;12403;1.24.03;E;110077;false;true;false
110148;2018-07-07 15:35:11.95077+00;2018-07-07 15:35:11.950805+00;RECEBÍVEIS DA SGM - Recebíveis das Igrejas (oferta para projetos);12411;1.24.11;E;110077;false;true;false
110117;2017-07-07 01:38:57.842114+00;2017-07-07 01:39:51.267395+00;RECEBÍVEIS DA SGM - Taxa de inscrição - Congresso de Geral de Missões;12410;1.24.10;E;110077;false;true;false
110077;2016-10-25 17:18:20.670323+00;2016-10-25 17:38:57.532528+00;RECEBÍVEIS DA SGM/SRM - SECRETARIAS DE MISSÕES;124;1.24;E;1;false;false;false
110164;2018-10-12 03:55:11.180255+00;2018-10-12 03:55:11.180286+00;RECEBÍVEIS DA SRAS - Metlife;12303;1.23.03;E;110078;false;true;false
110088;2016-10-25 22:38:04.275225+00;2016-10-25 22:38:04.275267+00;RECEBÍVEIS DA SRAS - Oferta do 5o Domingo;12302;1.23.02;E;110078;false;true;false
110101;2017-05-05 15:57:22.099276+00;2017-05-05 15:57:22.099412+00;RECEBÍVEIS DA SRM - Ofertas Para Missões Regional/Geral;12404;1.24.04;E;110077;false;true;false
110080;2016-10-25 17:42:22.293048+00;2016-10-25 22:39:39.230092+00;RECEBÍVEIS DA SRM - Ofertas do Dia de Missões Nacionais (Setembro);12402;1.24.02;E;110077;false;true;false
110144;2018-06-27 00:03:56.542501+00;2018-06-27 00:06:01.096795+00;REPASSES DA SRF - Outros;11199;1.11.99;E;110138;false;true;false
110140;2018-06-26 23:53:42.341233+00;2018-06-26 23:53:42.341273+00;REPASSES DA SRF - Pagamento de Alugueis;11102;1.11.02;E;110138;false;true;false
110139;2018-06-26 23:53:04.882438+00;2018-06-26 23:53:04.88247+00;REPASSES DA SRF - Pagamento de Obreiros;11101;1.11.01;E;110138;false;true;false
110138;2018-06-26 23:51:55.193733+00;2018-06-26 23:55:46.575915+00;REPASSES DA SRF - Secretaria Regional de Finanças;111;1.11;E;1;false;false;false
110145;2018-06-27 00:04:32.697585+00;2018-06-27 00:06:23.055371+00;REPASSES DA SRM - Outros;11299;1.12.99;E;110141;false;true;false
110142;2018-06-26 23:56:32.329258+00;2018-06-26 23:56:32.329292+00;REPASSES DA SRM - Pagamento de Obreiros;11201;1.12.01;E;110141;false;true;false
110141;2018-06-26 23:55:13.526969+00;2018-06-26 23:55:13.527003+00;REPASSES DA SRM - Secretaria Regional de Missões;112;1.12;E;1;false;false;false
110143;2018-06-26 23:57:39.831878+00;2018-06-26 23:57:39.83191+00;REPASSES DA SRM _ Pagamento de Alugueis;11202;1.12.02;E;110141;false;true;false
110184;2021-05-25 14:31:23.121676+00;2021-05-25 14:31:23.121755+00;Ressarcimento  de Empréstimos outras instituições;12501;1.25.01;E;110183;false;true;false
110185;2021-05-25 14:31:59.622556+00;2021-05-25 14:31:59.622633+00;Ressarcimento de Empréstimos Outras IMW;12502;1.25.02;E;110183;false;true;false
110091;2016-10-26 18:31:52.223683+00;2016-10-26 18:31:52.223724+00;SGF/SRF - Fundo Episcopal;11003;1.10.03;E;110005;false;true;false
106;2016-09-14 17:58:29.191548+00;2016-09-14 17:58:45.823034+00;teste;0;0;E;1;true;false;true
110002;2016-10-12 07:54:49.907925+00;2019-09-27 20:53:58.863627+00;ESTORNO DE LANÇAMENTO;401;4.01;R;110001;false;false;false
110001;2016-05-24 02:07:26.124+00;2016-10-25 19:59:14.507803+00;ESTORNOS;4;4;R;\0;false;false;false
110160;2018-08-21 14:14:19.100632+00;2018-08-21 14:14:19.100666+00;ACAMPAMENTOS - Compras Cantina;22103;2.21.03;S;110157;false;true;false
110161;2018-08-21 14:15:06.641955+00;2018-08-21 14:15:06.64199+00;ACAMPAMENTOS - Compras de Mercado;22104;2.21.04;S;110157;false;true;false
110162;2018-08-21 14:15:49.280587+00;2018-08-21 14:15:49.280623+00;ACAMPAMENTOS - Diária de Cantina;22105;2.21.05;S;110157;false;true;false
110163;2018-08-21 14:16:23.386848+00;2018-08-21 14:16:23.386884+00;ACAMPAMENTOS - Diária de Eventos;22106;2.21.06;S;110157;false;true;false
110159;2018-08-21 14:13:35.475693+00;2018-08-21 14:17:00.741358+00;ACAMPAMENTOS - Expediente;22102;2.21.02;S;110157;false;true;false
110158;2018-08-21 14:11:33.673229+00;2018-08-21 14:16:42.134677+00;ACAMPAMENTOS - Sistemas;22101;2.21.01;S;110157;false;true;false
110157;2018-08-21 14:08:28.904197+00;2018-08-21 14:08:28.90424+00;ACAMPAMENTOS e CENTRO DE CONVENÇÕES;221;2.21;S;2;false;false;false
73;2016-09-14 14:00:25.630293+00;2016-10-25 19:23:46.381446+00;ALUGUÉIS;204;2.04;S;2;false;false;false
66;2016-09-14 13:50:28.655476+00;2016-10-25 19:24:55.912371+00;ALUGUÉIS - Casas Pastorais;20405;2.04.05;S;45;false;true;false
75;2016-09-14 14:05:46.276413+00;2016-10-25 19:24:13.30979+00;ALUGUÉIS - Edifício Educacional (Prédios, Salas, Casas, Escolas);20402;2.04.02;S;73;false;true;false
78;2016-09-14 14:10:37.755912+00;2016-10-25 19:25:10.970429+00;ALUGUÉIS - Outros;20499;2.04.99;S;73;false;true;false
77;2016-09-14 14:10:16.978888+00;2016-10-25 19:24:40.809828+00;ALUGUÉIS - Residencias (excepto pastoral e fins educacionais);20404;2.04.04;S;73;false;true;false
74;2016-09-14 14:01:14.373311+00;2016-10-25 19:23:59.393851+00;ALUGUÉIS - Templos (Locais de Culto);20401;2.04.01;S;73;false;true;false
76;2016-09-14 14:06:21.935768+00;2016-10-25 19:24:28.085912+00;ALUGUÉIS - Terrenos;20403;2.04.03;S;73;false;true;false
67;2016-09-14 13:54:09.330042+00;2016-10-25 19:19:44.079279+00;AQUISIÇÕES;203;2.03;S;2;false;false;false
108;2016-09-14 20:14:24.395493+00;2016-10-25 19:21:22.184536+00;AQUISIÇÕES - Acampamentos;20307;2.03.07;S;67;false;true;false
110129;2018-06-26 22:53:45.117624+00;2018-06-26 22:53:45.117656+00;AQUISIÇÕES - Consórcio;20309;2.03.09;S;67;false;true;false
69;2016-09-14 13:55:25.672794+00;2016-10-25 19:20:12.441466+00;AQUISIÇÕES - Equipamentos Eletro-Eletrônicos (Geladeiras, Frizers, Tvs);20302;2.03.02;S;67;false;true;false
68;2016-09-14 13:54:33.631638+00;2016-10-25 19:19:58.454009+00;AQUISIÇÕES - Equipamentos de Som;20301;2.03.01;S;67;false;true;false
107;2016-09-14 20:11:55.234294+00;2016-10-25 19:21:07.407765+00;AQUISIÇÕES - Imóveis (predios, residencias, salas);20305;2.03.05;S;67;false;true;false
70;2016-09-14 13:57:22.560707+00;2016-10-25 19:20:30.465424+00;AQUISIÇÕES - Mobiliário (cadeiras, mesas, armários);20303;2.03.03;S;67;false;true;false
72;2016-09-14 13:59:43.683494+00;2016-10-25 19:22:49.498466+00;AQUISIÇÕES - Outras;20399;2.03.99;S;67;false;true;false
223;2016-09-16 21:21:42.479164+00;2016-10-25 19:22:36.110803+00;AQUISIÇÕES - Terrenos;20308;2.03.08;S;67;false;true;false
71;2016-09-14 13:59:08.87693+00;2016-10-25 19:20:44.163473+00;AQUISIÇÕES - Veículos;20304;2.03.04;S;67;false;true;false
95;2016-09-14 15:11:39.783702+00;2016-10-25 19:32:50.183613+00;AÇÃO SOCIAL;207;2.07;S;2;false;false;false
96;2016-09-14 15:12:10.725454+00;2016-10-25 19:33:04.407881+00;AÇÃO SOCIAL - Ajuda Financeira;20701;2.07.01;S;95;false;true;false
98;2016-09-14 15:13:35.584017+00;2016-10-25 19:33:36.019487+00;AÇÃO SOCIAL - Distribuição de Alimentos;20703;2.07.03;S;95;false;true;false
97;2016-09-14 15:12:33.589251+00;2016-10-25 19:33:19.103047+00;AÇÃO SOCIAL - Medicamentos e Roupas;20702;2.07.02;S;95;false;true;false
99;2016-09-14 15:14:03.581128+00;2016-10-25 19:34:17.897399+00;AÇÃO SOCIAL - Outras;20799;2.07.99;S;95;false;true;false
125;2016-09-15 19:59:12.583309+00;2016-10-25 19:33:52.283938+00;AÇÃO SOCIAL - Transporte;20704;2.07.04;S;95;false;true;false
79;2016-09-14 14:17:00.642023+00;2016-10-25 19:25:31.41778+00;CONSERVAÇÃO;205;2.05;S;2;false;false;false
82;2016-09-14 14:19:50.808717+00;2016-10-25 19:26:34.969+00;CONSERVAÇÃO - Manutenção de Equipamentos (exceto eq. som);20503;2.05.03;S;79;false;true;false
81;2016-09-14 14:19:20.724027+00;2016-10-25 19:26:20.890769+00;CONSERVAÇÃO - Manutenção de Equipamentos de Som;20502;2.05.02;S;79;false;true;false
85;2016-09-14 14:31:40.320212+00;2016-10-25 19:27:09.171958+00;CONSERVAÇÃO - Manutenção de Instalações (pequenos reparos);20504;2.05.04;S;79;false;true;false
109;2016-09-14 20:18:31.06781+00;2016-10-25 19:27:33.87744+00;CONSERVAÇÃO - Manutenção de Veículos;20505;2.05.05;S;79;false;true;false
80;2016-09-14 14:17:33.614891+00;2016-10-25 19:26:05.778676+00;CONSERVAÇÃO - Material de Limpeza e Higiene;20501;2.05.01;S;79;false;true;false
83;2016-09-14 14:20:20.865486+00;2016-10-25 19:27:54.516144+00;CONSERVAÇÃO - Outros;20599;2.05.99;S;79;false;true;false
110;2016-09-14 20:21:33.951453+00;2016-10-25 21:28:00.140028+00;CONSTRUÇÕES;210;2.10;S;2;false;false;false
112;2016-09-14 20:23:03.723318+00;2016-10-25 21:28:24.191653+00;CONSTRUÇÕES - Materiais;21002;2.10.02;S;110;false;true;false
111;2016-09-14 20:22:23.143847+00;2016-10-25 21:28:12.824054+00;CONSTRUÇÕES - Mão de Obra;21001;2.10.01;S;110;false;true;false
114;2016-09-15 19:27:00.144476+00;2016-10-25 21:28:54.773083+00;CONSTRUÇÕES - Outros;21099;2.10.99;S;110;false;true;false
113;2016-09-15 19:25:32.644052+00;2016-10-25 21:28:39.620267+00;CONSTRUÇÕES - Reformas em Geral;21003;2.10.03;S;110;false;true;false
88;2016-09-14 15:07:13.814628+00;2016-10-25 19:28:49.951277+00;DEPARTAMENTOS;206;2.06;S;2;false;false;false
91;2016-09-14 15:09:11.295986+00;2016-10-25 19:29:55.324926+00;DEPARTAMENTOS - Adolescentes;20603;2.06.03;S;88;false;true;false
93;2016-09-14 15:10:21.123981+00;2016-10-25 19:30:34.003866+00;DEPARTAMENTOS - Adultos;20605;2.06.05;S;88;false;true;false
89;2016-09-14 15:08:18.496238+00;2016-10-25 19:29:13.809789+00;DEPARTAMENTOS - Crianças;20601;2.06.01;S;88;false;true;false
115;2016-09-15 19:27:57.211167+00;2016-10-25 19:30:57.302831+00;DEPARTAMENTOS - Homens;20606;2.06.06;S;88;false;true;false
92;2016-09-14 15:09:53.895598+00;2016-10-25 19:30:20.758714+00;DEPARTAMENTOS - Jovens;20604;2.06.04;S;88;false;true;false
116;2016-09-15 19:28:14.316959+00;2016-10-25 19:31:09.445237+00;DEPARTAMENTOS - Mulheres;20607;2.06.07;S;88;false;true;false
94;2016-09-14 15:10:41.43178+00;2016-10-25 19:31:36.764029+00;DEPARTAMENTOS - Outros;20699;2.06.99;S;88;false;true;false
90;2016-09-14 15:08:49.777646+00;2016-10-25 19:29:27.167606+00;DEPARTAMENTOS - Pré-adolescentes;20602;2.06.02;S;88;false;true;false
117;2016-09-15 19:28:49.404103+00;2016-10-25 19:31:23.885652+00;DEPARTAMENTOS - Terceira Idade;20608;2.06.08;S;88;false;true;false
45;2016-09-14 00:26:23.055168+00;2016-10-25 17:48:02.398407+00;DESPESAS ADMINISTRATIVAS;201;2.01;S;2;false;false;false
121;2016-09-15 19:43:34.614797+00;2017-11-14 17:17:10.148912+00;DESPESAS ADMINISTRATIVAS - Ajuda de Custo Excedente para Clérigos;20115;2.01.15;S;45;false;true;false
123;2016-09-15 19:52:23.283738+00;2016-10-25 17:53:41.061694+00;DESPESAS ADMINISTRATIVAS - Alimentação (lanches e refeições);20117;2.01.17;S;45;false;true;false
65;2016-09-14 02:08:24.013751+00;2017-11-14 17:17:56.49956+00;DESPESAS ADMINISTRATIVAS - Anuênio (verba de representação) para Clérigos;20116;2.01.16;S;45;false;true;false
122;2016-09-15 19:48:37.129436+00;2016-09-15 20:13:56.679688+00;DESPESAS ADMINISTRATIVAS - Anuênio (verba de representação) para Clérigos;20116;2.01.16;S;45;true;false;true
110110;2017-06-21 00:25:01.296373+00;2017-06-21 00:25:01.296426+00;DESPESAS ADMINISTRATIVAS - Cartórios;20122;2.01.22;S;45;false;true;false
50;2016-09-14 00:30:52.871581+00;2016-10-25 17:49:10.735071+00;DESPESAS ADMINISTRATIVAS - Combustível e Lubrificantes;20105;2.01.05;S;45;false;true;false
120;2016-09-15 19:39:41.84485+00;2016-10-25 17:52:35.522856+00;DESPESAS ADMINISTRATIVAS - Condominio;20114;2.01.14;S;45;false;true;false
124;2016-09-15 19:54:01.392448+00;2016-10-25 17:53:59.146465+00;DESPESAS ADMINISTRATIVAS - Consumíveis (descartáveis, copos, talheres, calices);20118;2.01.18;S;45;false;true;false
118;2016-09-15 19:35:27.049629+00;2016-10-25 17:51:54.104397+00;DESPESAS ADMINISTRATIVAS - Correios;20112;2.01.12;S;45;false;true;false
110093;2016-11-10 01:06:06.960852+00;2016-11-10 01:06:06.960897+00;DESPESAS ADMINISTRATIVAS - Fotocópias;20121;2.01.21;S;45;false;true;false
64;2016-09-14 01:51:22.787914+00;2016-10-25 17:50:37.594365+00;DESPESAS ADMINISTRATIVAS - Gás (botija ou encanado);20108;2.01.08;S;45;false;true;false
86;2016-09-14 14:32:58.825742+00;2016-10-25 17:51:22.712907+00;DESPESAS ADMINISTRATIVAS - Honorários e Prestação de Serviços;20110;2.01.10;S;45;false;true;false
110015;2016-10-21 12:30:42.566561+00;2016-10-25 19:15:42.977358+00;DESPESAS ADMINISTRATIVAS - Hotel e Hospedagem;20120;2.01.20;S;45;false;true;false
87;2016-09-14 14:58:23.565018+00;2016-10-25 17:51:38.918879+00;DESPESAS ADMINISTRATIVAS - Impressos;20111;2.01.11;S;45;false;true;false
63;2016-09-14 01:50:54.54044+00;2016-10-25 17:50:10.546997+00;DESPESAS ADMINISTRATIVAS - Internet e TV (cabo ou satélite);20107;2.01.07;S;45;false;true;false
47;2016-09-14 00:27:38.579254+00;2016-10-25 17:49:52.599871+00;DESPESAS ADMINISTRATIVAS - Luz/Energia;20102;2.01.02;S;45;false;true;true
51;2016-09-14 00:32:28.717359+00;2016-10-25 17:49:28.851409+00;DESPESAS ADMINISTRATIVAS - Material de Escritório;20106;2.01.06;S;45;false;true;false
62;2016-09-14 00:40:38.425183+00;2016-10-25 19:15:59.9544+00;DESPESAS ADMINISTRATIVAS - Outras;20199;2.01.99;S;45;false;true;false
119;2016-09-15 19:36:14.484092+00;2016-10-25 17:52:20.205143+00;DESPESAS ADMINISTRATIVAS - Procurações e Cartórios;20113;2.01.13;S;45;false;true;false
130;2016-09-15 20:10:37.82183+00;2016-10-25 19:14:59.562797+00;DESPESAS ADMINISTRATIVAS - Seguros (incêndio, roubo, enchente);20119;2.01.19;S;45;false;true;false
49;2016-09-14 00:29:29.686084+00;2016-10-25 17:48:48.77127+00;DESPESAS ADMINISTRATIVAS - Telefone Celular;20104;2.01.04;S;45;false;true;false
48;2016-09-14 00:28:57.894954+00;2016-10-25 17:47:45.372019+00;DESPESAS ADMINISTRATIVAS - Telefone Fixo;20103;2.01.03;S;45;false;true;false
84;2016-09-14 14:30:43.301801+00;2016-10-25 17:50:54.082302+00;DESPESAS ADMINISTRATIVAS - Transporte (onibus, van, taxi, fretes, carretos, etc);20109;2.01.09;S;45;false;true;false
110112;2017-06-22 18:19:25.653738+00;2017-06-22 18:19:49.890296+00;DESPESAS ADMINISTRATIVAS - Viagens (deslocações, refeições e hospedagem);20123;2.01.23;S;45;false;true;false
46;2016-09-14 00:26:53.42239+00;2016-10-25 17:49:40.931055+00;DESPESAS ADMINISTRATIVAS - Água;20101;2.01.01;S;45;false;true;true
126;2016-09-15 20:06:08.588239+00;2016-10-25 20:16:38.06459+00;DESPESAS FINANCEIRAS;211;2.11;S;2;false;false;false
110122;2017-11-09 18:19:09.954744+00;2018-04-03 22:56:39.166536+00;DESPESAS FINANCEIRAS - Cheques Incobráveis;21104;2.11.04;S;126;false;true;false
167;2016-09-15 21:06:19.085265+00;2016-10-25 20:17:38.725614+00;DESPESAS FINANCEIRAS - Financiamentos;21103;2.11.03;S;126;false;true;false
128;2016-09-15 20:07:16.656903+00;2016-10-25 20:17:24.346513+00;DESPESAS FINANCEIRAS - Juros;21102;2.11.02;S;126;false;true;false
129;2016-09-15 20:07:34.599239+00;2016-10-25 20:17:54.418452+00;DESPESAS FINANCEIRAS - Outras;21199;2.11.99;S;126;false;true;false
127;2016-09-15 20:06:39.522024+00;2016-10-25 20:16:50.525219+00;DESPESAS FINANCEIRAS - Tarifas Bancárias;21101;2.11.01;S;126;false;true;false
110136;2018-06-26 23:11:23.763958+00;2018-06-26 23:11:23.763989+00;DESPESAS FINANCEIRAS - Taxa Operacional Uso Máquina Cartão;21105;2.11.05;S;126;false;true;false
52;2016-09-14 00:34:21.074187+00;2016-10-25 19:16:28.19788+00;DESPESAS PASTORAIS;202;2.02;S;2;false;false;false
59;2016-09-14 00:38:20.346682+00;2016-10-25 19:18:13.768875+00;DESPESAS PASTORAIS - Abono Natalino;20207;2.02.07;S;52;false;true;false
55;2016-09-14 00:35:56.066194+00;2016-10-25 19:17:11.204902+00;DESPESAS PASTORAIS - CAW;20203;2.02.03;S;52;false;true;false
56;2016-09-14 00:36:17.745834+00;2016-10-25 19:17:25.828029+00;DESPESAS PASTORAIS - INSS;20204;2.02.04;S;52;false;true;false
110109;2017-06-19 21:57:26.692361+00;2017-10-17 18:23:39.008676+00;DESPESAS PASTORAIS - Licença Remunerada;20209;2.02.09;S;52;true;true;false
61;2016-09-14 00:39:57.186144+00;2016-10-25 19:19:10.150525+00;DESPESAS PASTORAIS - Outras;20299;2.02.99;S;52;false;true;false
57;2016-09-14 00:37:18.637361+00;2016-10-25 19:17:43.115012+00;DESPESAS PASTORAIS - Plano de Saúde;20205;2.02.05;S;52;false;true;false
60;2016-09-14 00:39:17.175723+00;2016-10-25 19:18:45.43234+00;DESPESAS PASTORAIS - Previdência Privada (outra além do CAW);20208;2.02.08;S;52;false;true;false
58;2016-09-14 00:37:53.514356+00;2016-10-25 19:17:59.414097+00;DESPESAS PASTORAIS - Seguros Diversos;20206;2.02.06;S;52;false;true;false
53;2016-09-14 00:34:47.35295+00;2016-10-25 19:16:42.708836+00;DESPESAS PASTORAIS - Subsídios (prebendas);20201;2.02.01;S;52;false;true;false
54;2016-09-14 00:35:29.946416+00;2016-10-25 19:16:56.566633+00;DESPESAS PASTORAIS - Viagens/Expediente;20202;2.02.02;S;52;false;true;false
110169;2019-03-28 18:46:30.194133+00;2020-10-20 20:53:53.774859+00;DESPESAS PASTORAIS – Adiantamento de Subsidio a Clérigos;20209;2.02.09;S;52;false;false;false
110189;2023-04-08 02:36:34.233621+00;2023-04-08 02:36:34.233649+00;DESPESAS PASTORAIS – MetLife;20210;2.02.10;S;52;false;true;false
226;2016-09-21 14:43:40.338531+00;2016-10-25 20:14:12.571311+00;DISTRITOS;220;2.20;S;2;false;false;false
227;2016-09-21 14:44:28.249926+00;2016-10-25 20:14:25.299053+00;DISTRITOS - Cota Distrital;22001;2.20.01;S;226;false;true;false
110175;2019-07-08 18:52:48.84043+00;2019-07-08 18:52:48.840496+00;DISTRITOS - Dízimo dos Clérigos (conforme orientação da região ou distrito);22003;2.20.03;S;226;false;true;false
229;2016-09-21 14:45:42.684123+00;2016-10-25 20:14:37.36576+00;DISTRITOS - Ofertas Distritais;22002;2.20.02;S;226;false;true;false
230;2016-09-21 14:46:05.280881+00;2016-09-21 14:47:32.027556+00;DISTRITOS - Ofertas Distritais;22002;2.20.02;S;226;true;false;true
228;2016-09-21 14:44:54.349947+00;2016-10-25 20:14:49.762963+00;DISTRITOS - Outras despesas;22099;2.20.99;S;226;false;true;false
100;2016-09-14 15:34:30.783757+00;2016-09-14 15:34:30.783812+00;EBD - Escola Bíblica Dominical;1;2.08;S;2;false;false;false
101;2016-09-14 15:34:54.009994+00;2016-09-19 18:38:35.63541+00;EBD - Material Didático;20801;2.08.01;S;100;false;true;false
104;2016-09-14 15:37:07.643212+00;2016-09-19 18:38:35.656496+00;EBD - Outras;20899;2.08.99;S;100;false;true;false
103;2016-09-14 15:36:12.486373+00;2016-09-19 18:38:35.649712+00;EBD - Revistas (outras publicadoras);20803;2.08.03;S;100;false;true;false
102;2016-09-14 15:35:37.985098+00;2016-09-19 18:38:35.642542+00;EBD - Revistas do CPIMW;20802;2.08.02;S;100;false;true;false
214;2016-09-16 19:41:36.412071+00;2016-10-25 20:11:43.718807+00;EMPRÉSTIMOS;219;2.19;S;2;false;false;false
110150;2018-07-16 17:43:57.070209+00;2019-02-04 14:05:15.505354+00;EMPRÉSTIMOS - Bancos - Empréstimos Contratados;21906;2.19.06;S;214;false;true;false
216;2016-09-16 19:42:35.864105+00;2016-10-25 20:12:26.975511+00;EMPRÉSTIMOS - FIW - Fundo Imobiliário Wesleyano;21902;2.19.02;S;214;false;true;false
110115;2017-06-27 16:07:36.59969+00;2017-06-27 16:07:36.599753+00;EMPRÉSTIMOS - Feito a Pastores;21905;2.19.05;S;214;false;true;false
218;2016-09-16 19:43:15.799145+00;2016-10-25 20:12:57.116205+00;EMPRÉSTIMOS - Outras Igrejas;21904;2.19.04;S;214;false;true;false
217;2016-09-16 19:42:58.458809+00;2016-10-25 20:12:43.187086+00;EMPRÉSTIMOS - Outras Secretarias;21903;2.19.03;S;214;false;true;false
219;2016-09-16 19:43:40.450768+00;2016-10-25 20:13:10.468182+00;EMPRÉSTIMOS - Outros;21999;2.19.99;S;214;false;true;false
215;2016-09-16 19:42:17.457577+00;2016-10-25 20:12:10.622483+00;EMPRÉSTIMOS - SGF/SRF - Secretaria de Finanças;21901;2.19.01;S;214;false;true;false
105;2016-09-14 15:37:42.860063+00;2016-10-25 21:30:22.234897+00;EVANGELISMO;209;2.09;S;2;false;false;false
149;2016-09-15 20:50:36.376239+00;2016-10-25 21:30:47.417337+00;EVANGELISMO - Cultos, Campanhas e Cruzadas Evangelisticas;20902;2.09.02;S;105;false;true;false
150;2016-09-15 20:54:24.871112+00;2016-10-25 21:31:00.730737+00;EVANGELISMO - Despesas com Obreiros e Preletores;20903;2.09.03;S;105;false;true;false
148;2016-09-15 20:49:29.936117+00;2016-10-25 21:30:34.388837+00;EVANGELISMO - Distribuição de Literatura (Revistas, Jornais, Folhetos, Bíblias);20901;2.09.01;S;105;false;true;false
151;2016-09-15 20:55:24.76229+00;2016-10-25 21:31:15.275628+00;EVANGELISMO - Divulgação e Publicidade;20904;2.09.04;S;105;false;true;false
154;2016-09-15 20:57:27.844582+00;2016-10-25 21:32:58.70796+00;EVANGELISMO - Outros;20999;2.09.99;S;88;false;true;false
152;2016-09-15 20:56:01.651047+00;2016-10-25 21:32:45.113809+00;EVANGELISMO - Pontos de Pregação;20905;2.09.05;S;105;false;true;false
153;2016-09-15 20:57:08.277754+00;2016-10-25 21:33:13.945059+00;EVANGELISMO - Visitações;20906;2.09.06;S;105;false;true;false
155;2016-09-15 20:58:17.057964+00;2016-10-25 21:24:25.479661+00;EVENTOS;213;2.13;S;2;false;false;false
156;2016-09-15 20:59:12.423836+00;2016-10-25 21:24:38.68632+00;EVENTOS - Campanhas e Gincanas;21301;2.13.01;S;155;false;true;false
166;2016-09-15 21:05:13.180012+00;2018-04-03 22:55:59.442022+00;EVENTOS - Comemorações e Festividades;21309;2.13.09;S;155;false;true;false
159;2016-09-15 21:01:17.459186+00;2016-10-25 21:25:23.016361+00;EVENTOS - Concílios Gerais;21304;2.13.04;S;155;false;true;false
160;2016-09-15 21:01:37.42293+00;2016-10-25 21:25:37.161822+00;EVENTOS - Concílios Regionais;21305;2.13.05;S;155;false;true;false
158;2016-09-15 21:00:25.01918+00;2016-10-25 21:25:08.808535+00;EVENTOS - Congressos Outros;21303;2.13.03;S;155;false;true;false
157;2016-09-15 20:59:34.751766+00;2016-10-25 21:24:55.589223+00;EVENTOS - Congressos Wesleyanos;21302;2.13.02;S;155;false;true;false
161;2016-09-15 21:02:56.575251+00;2016-10-25 21:25:52.659312+00;EVENTOS - Convenções;21306;2.13.06;S;155;false;true;false
162;2016-09-15 21:03:27.045598+00;2016-10-25 21:26:07.088641+00;EVENTOS - Encontros;21307;2.13.07;S;155;false;true;false
164;2016-09-15 21:04:06.334527+00;2016-10-25 21:26:49.650225+00;EVENTOS - Outros;21399;2.13.99;S;155;false;true;false
163;2016-09-15 21:03:46.163557+00;2016-10-25 21:26:19.854843+00;EVENTOS - Retiros;21308;2.13.08;S;155;false;true;false
170;2016-09-16 18:33:42.271595+00;2016-10-25 20:22:24.586069+00;IMPOSTOS E TAXAS;215;2.15;S;2;false;false;false
176;2016-09-16 18:37:44.731223+00;2016-10-25 21:18:21.969069+00;IMPOSTOS E TAXAS - Despesas Legais;21506;2.15.06;S;170;false;true;false
110046;2016-10-24 13:59:31.884438+00;2016-10-25 21:18:34.671985+00;IMPOSTOS E TAXAS - IOF;21507;2.15.07;S;170;false;true;false
172;2016-09-16 18:34:35.401506+00;2016-10-25 21:17:27.418442+00;IMPOSTOS E TAXAS - IPTU;21502;2.15.02;S;170;false;true;false
173;2016-09-16 18:34:57.870963+00;2016-10-25 21:17:40.640427+00;IMPOSTOS E TAXAS - IPVA;21503;2.15.03;S;170;false;true;false
110047;2016-10-24 14:00:01.923934+00;2016-11-24 19:22:29.107475+00;IMPOSTOS E TAXAS - IR;21508;2.15.08;S;170;true;true;false
110167;2019-01-09 14:01:55.100865+00;2019-02-04 14:17:14.434003+00;IMPOSTOS E TAXAS - IRRF Recolhido;21508;2.15.08;S;170;false;true;false
174;2016-09-16 18:35:30.168339+00;2016-10-25 21:17:55.609494+00;IMPOSTOS E TAXAS - ITBI;21504;2.15.04;S;170;false;true;false
175;2016-09-16 18:37:19.418353+00;2016-10-25 21:18:08.636491+00;IMPOSTOS E TAXAS - Multas;21505;2.15.05;S;170;false;true;false
177;2016-09-16 18:38:28.360287+00;2016-10-25 21:19:48.235597+00;IMPOSTOS E TAXAS - Outros;21599;2.15.99;S;170;false;true;false
179;2016-09-16 18:39:16.822329+00;2016-10-25 21:19:24.149691+00;IMPOSTOS E TAXAS - Outros Tributos Estaduais;21597;2.15.97;S;170;false;true;false
178;2016-09-16 18:38:56.407839+00;2016-10-25 21:19:35.907198+00;IMPOSTOS E TAXAS - Outros Tributos Federais;21598;2.15.98;S;170;false;true;false
180;2016-09-16 18:39:41.458113+00;2016-10-25 21:19:11.178942+00;IMPOSTOS E TAXAS - Outros Tributos Municipais;21596;2.15.96;S;170;false;true;false
171;2016-09-16 18:34:10.97066+00;2016-11-24 19:22:01.66938+00;IMPOSTOS E TAXAS - PIS;21501;2.15.01;S;170;true;false;false
181;2016-09-16 18:41:49.928464+00;2016-10-25 21:20:23.18887+00;INSTITUIÇÕES;216;2.16;S;2;false;false;false
185;2016-09-16 18:43:31.761941+00;2016-10-25 21:21:16.09467+00;INSTITUIÇÕES - AGEMIW;21604;2.16.04;S;181;false;true;false
186;2016-09-16 18:44:35.785308+00;2016-10-25 21:21:28.834951+00;INSTITUIÇÕES - AWAS - Associação Wesleyana de Assistência Social (e afins);21605;2.16.05;S;181;false;true;false
182;2016-09-16 18:42:09.009734+00;2016-10-25 21:20:36.659769+00;INSTITUIÇÕES - Acampamentos;21601;2.16.01;S;181;false;true;false
183;2016-09-16 18:42:30.910651+00;2016-10-25 21:20:49.355294+00;INSTITUIÇÕES - CEFORTE;21602;2.16.02;S;181;false;true;false
201;2016-09-16 19:03:56.198661+00;2016-10-25 21:22:22.450589+00;INSTITUIÇÕES - CP - Jornal Voz Wesleyana;21609;2.16.09;S;181;false;true;false
184;2016-09-16 18:42:52.900566+00;2016-10-25 21:21:03.003978+00;INSTITUIÇÕES - Casa Bom Pastor;21603;2.16.03;S;181;false;true;false
110149;2018-07-07 15:38:51.522761+00;2018-07-07 15:38:51.522825+00;INSTITUIÇÕES - ESCOMIW;21612;2.16.12;S;181;false;true;false
232;2016-09-21 18:02:49.878695+00;2023-01-17 23:20:46.968096+00;INSTITUIÇÕES - FIW - Fundo Imobiliário Wesleyano;21611;2.16.11;S;181;false;false;false
199;2016-09-16 18:55:11.727528+00;2016-10-25 21:21:54.021223+00;INSTITUIÇÕES - FUEMIS - Fundo de Expansão Missionária;21607;2.16.07;S;181;false;true;false
200;2016-09-16 18:56:52.25564+00;2016-10-25 21:22:08.109048+00;INSTITUIÇÕES - Outras I.M.W.;21608;2.16.08;S;181;false;true;false
202;2016-09-16 19:28:35.057066+00;2016-10-25 21:22:35.297424+00;INSTITUIÇÕES - Outras Igrejas ou Denominações;21610;2.16.10;S;181;false;true;false
187;2016-09-16 18:45:29.159538+00;2016-10-25 21:23:51.957108+00;INSTITUIÇÕES - Outras Instituições;21699;2.16.99;S;181;false;true;false
188;2016-09-16 18:46:05.299669+00;2016-10-25 21:21:40.839706+00;INSTITUIÇÕES - Outras Instituições MIssionárias;21606;2.16.06;S;181;false;true;false
110003;2016-10-20 14:13:46.684239+00;2016-10-25 21:23:32.568781+00;INSTITUIÇÕES - PAM - Plano de Adoção Missionária;21612;2.16.12;S;181;true;true;false
189;2016-09-16 18:47:55.109737+00;2016-09-16 18:47:55.109777+00;MINISTÉRIOS;217;2.17;S;2;false;false;false
110188;2022-12-12 01:32:16.965499+00;2022-12-12 01:32:16.965549+00;MINISTÉRIOS - Ação Social;21713;2.17.13;S;189;false;true;false
192;2016-09-16 18:49:50.132694+00;2016-09-19 18:38:36.165771+00;MINISTÉRIOS - Casais;21703;2.17.03;S;189;false;true;false
198;2016-09-16 18:54:04.597919+00;2016-09-19 18:38:36.211236+00;MINISTÉRIOS - Consolidação de Novos Convertidos;21708;2.17.08;S;189;false;true;false
197;2016-09-16 18:53:13.897411+00;2016-09-19 18:38:36.19671+00;MINISTÉRIOS - Coral;21707;2.17.07;S;189;false;true;false
196;2016-09-16 18:51:52.833828+00;2019-02-04 13:55:49.801801+00;MINISTÉRIOS - Dança;21712;2.17.12;S;189;false;true;false
194;2016-09-16 18:50:56.373068+00;2016-09-19 18:38:36.180596+00;MINISTÉRIOS - Diplomacia;21705;2.17.05;S;189;false;true;false
193;2016-09-16 18:50:08.718534+00;2016-09-19 18:38:36.173373+00;MINISTÉRIOS - Família;21704;2.17.04;S;189;false;true;false
231;2016-09-21 16:49:39.753287+00;2016-09-21 16:49:39.753332+00;MINISTÉRIOS - GCEUs;21709;2.17.09;S;189;false;true;false
191;2016-09-16 18:48:51.238227+00;2016-09-19 18:38:36.157808+00;MINISTÉRIOS - Intercessão;21702;2.17.02;S;189;false;true;false
190;2016-09-16 18:48:33.071963+00;2016-09-19 18:38:36.149951+00;MINISTÉRIOS - Louvor;21701;2.17.01;S;189;false;true;false
236;2016-10-05 18:30:24.217185+00;2016-10-05 18:30:24.217223+00;MINISTÉRIOS - Missões (Conselho Missionário);21711;2.17.11;S;189;false;true;false
234;2016-09-22 20:44:44.746191+00;2016-09-22 20:44:44.746264+00;MINISTÉRIOS - Santa Ceia;21710;2.17.10;S;189;false;true;false
195;2016-09-16 18:51:32.617407+00;2016-09-19 18:38:36.188736+00;MINISTÉRIOS - Teatro;21706;2.17.06;S;189;false;true;false
168;2016-09-15 21:08:30.855805+00;2016-10-25 20:00:56.102139+00;MINISTÉRIOS ECLESIÁSTICOS;214;2.14;S;2;false;false;false
169;2016-09-15 21:09:08.692137+00;2016-10-25 20:01:10.605369+00;MINISTÉRIOS ECLESIÁSTICOS - Ajuda a obreiros locais (exceto clérigos);21401;2.14.01;S;168;false;true;false
110104;2017-06-12 20:31:54.393545+00;2017-06-12 20:31:54.393592+00;MINISTÉRIOS ECLESIÁSTICOS - Congregações;21403;2.14.03;S;168;false;true;false
110119;2017-10-24 20:22:53.169804+00;2017-10-24 20:22:53.169895+00;MINISTÉRIOS ECLESIÁSTICOS - Oferta para missionários;21404;2.14.04;S;168;false;true;false
233;2016-09-22 00:02:00.45309+00;2016-10-25 20:01:53.95402+00;MINISTÉRIOS ECLESIÁSTICOS - Outros;21499;2.14.99;S;168;false;true;false
110016;2016-10-21 14:10:00.175725+00;2016-10-25 20:01:36.801153+00;MINISTÉRIOS ECLESIÁSTICOS - Pagamento a Obreiros Jubilados;21402;2.14.02;S;168;false;true;false
131;2016-09-15 20:33:14.653059+00;2016-10-25 20:18:14.143327+00;RH - RECURSOS HUMANOS;212;2.12;S;2;false;false;false
133;2016-09-15 20:35:51.865411+00;2016-10-25 20:18:40.458985+00;RH - RECURSOS HUMANOS - 13o Salário;21202;2.12.02;S;131;false;true;false
145;2016-09-15 20:43:08.312866+00;2016-10-25 20:21:14.004827+00;RH - RECURSOS HUMANOS - Assistência Médica e Social;21214;2.12.14;S;131;false;true;false
138;2016-09-15 20:37:58.959645+00;2017-05-23 22:08:38.246589+00;RH - RECURSOS HUMANOS - Contribuições Sindicais;21207;2.12.07;S;131;false;true;false
140;2016-09-15 20:39:53.206675+00;2016-10-25 20:20:12.147138+00;RH - RECURSOS HUMANOS - Fundo de Garantia - FGTS;21209;2.12.09;S;131;false;true;false
134;2016-09-15 20:36:10.863426+00;2016-10-25 20:18:52.054108+00;RH - RECURSOS HUMANOS - Férias;21203;2.12.03;S;131;false;true;false
142;2016-09-15 20:41:00.922392+00;2016-10-25 20:20:36.070176+00;RH - RECURSOS HUMANOS - INSS/GPS;21211;2.12.11;S;131;false;true;false
141;2016-09-15 20:40:39.447931+00;2016-10-25 20:20:24.269114+00;RH - RECURSOS HUMANOS - Imposto de Renda Retido na Fonte - IRRF;21210;2.12.10;S;131;false;true;false
139;2016-09-15 20:38:21.030498+00;2016-10-25 20:20:00.325748+00;RH - RECURSOS HUMANOS - Mensalidades Sindicais;21208;2.12.08;S;131;false;true;false
165;2016-09-15 21:04:37.562462+00;2016-10-25 20:21:59.343001+00;RH - RECURSOS HUMANOS - Outros;21299;2.12.99;S;131;false;true;false
147;2016-09-15 20:45:19.452437+00;2016-10-25 20:21:41.184475+00;RH - RECURSOS HUMANOS - PIS sobre folha;21216;2.12.16;S;131;false;true;false
137;2016-09-15 20:37:35.879229+00;2016-10-25 20:19:34.093266+00;RH - RECURSOS HUMANOS - Pensões Alimentícias;21206;2.12.06;S;131;false;true;false
135;2016-09-15 20:36:31.719392+00;2017-05-23 22:08:11.692721+00;RH - RECURSOS HUMANOS - Prêmios e Gratificações;21204;2.12.04;S;131;false;true;false
136;2016-09-15 20:37:00.31953+00;2016-10-25 20:19:20.040888+00;RH - RECURSOS HUMANOS - Recisões;21205;2.12.05;S;131;false;true;false
132;2016-09-15 20:33:42.074058+00;2016-10-25 20:18:27.471246+00;RH - RECURSOS HUMANOS - Salários dos Funcionarios;21201;2.12.01;S;131;false;true;false
146;2016-09-15 20:43:32.941581+00;2016-10-25 20:21:28.082326+00;RH - RECURSOS HUMANOS - Seguro de Vida dos Empregados;21215;2.12.15;S;131;false;true;false
110111;2017-06-21 00:32:59.568863+00;2017-06-21 00:32:59.56891+00;RH - RECURSOS HUMANOS - Serviços;21217;2.12.17;S;131;false;true;false
144;2016-09-15 20:42:20.492088+00;2017-11-10 13:06:23.60903+00;RH - RECURSOS HUMANOS - Vale Alimentação (cesta basica);21213;2.12.13;S;131;false;true;false
110123;2017-11-10 13:07:35.792824+00;2017-11-10 13:07:35.792901+00;RH - RECURSOS HUMANOS - Vale Refeição (ticket alimentação);21218;2.12.18;S;131;false;true;false
143;2016-09-15 20:41:52.942337+00;2016-10-25 20:20:48.99419+00;RH - RECURSOS HUMANOS - Vale Transporte;21212;2.12.12;S;131;false;true;false
2;2016-05-24 02:07:26.124+00;2016-10-25 22:16:17.747645+00;SAÍDAS;2;2;S;\0;false;false;false
203;2016-09-16 19:29:13.007123+00;2016-10-25 20:06:23.163631+00;SECRETARIAS;218;2.18;S;2;false;false;false
110004;2016-10-20 14:15:51.598286+00;2022-05-31 20:16:19.424428+00;SECRETARIAS - AGEMIW - PAM - Plano de Adoção Missionária (Missões);21813;2.18.13;S;203;false;true;false
225;2016-09-21 14:39:18.756989+00;2016-09-21 14:41:40.539337+00;SECRETARIAS - Distritos;21813;2.18.13;S;203;true;false;true
110199;2023-08-20 00:25:58.14471+00;2023-08-20 00:25:58.144738+00;SECRETARIAS - SGA - Aquisição de Imoveis;21850;2.18.50;S;203;false;true;false
110196;2023-08-20 00:22:12.231019+00;2023-08-20 00:22:12.231047+00;SECRETARIAS - SGA - Empréstimo para FIW;21841;2.18.41;S;203;false;true;false
110197;2023-08-20 00:23:09.516598+00;2023-08-20 00:23:09.516637+00;SECRETARIAS - SGA - Empréstimo para Igrejas;21842;2.18.42;S;203;false;true;false
110195;2023-08-20 00:21:41.25375+00;2023-08-20 00:21:41.253779+00;SECRETARIAS - SGA - Empréstimo para SRA;21840;2.18.40;S;203;false;true;false
211;2016-09-16 19:39:24.317256+00;2016-10-25 20:09:39.167427+00;SECRETARIAS - SGA - Geral de Administração;21808;2.18.08;S;203;false;true;false
110200;2023-08-20 00:26:27.492153+00;2023-08-20 00:26:27.492193+00;SECRETARIAS - SGA - Reforma de Imoveis;21851;2.18.51;S;203;false;true;false
110201;2023-08-20 00:27:07.815941+00;2023-08-20 00:27:38.704494+00;SECRETARIAS - SGA - Repasse a Obreiros;21836;2.18.36;S;203;false;true;false
110194;2023-08-20 00:19:07.238133+00;2023-08-20 00:19:07.238162+00;SECRETARIAS - SGA - Repasse para FIW;21834;2.18.34;S;203;false;true;false
110193;2023-08-20 00:17:31.048832+00;2023-08-20 00:17:31.048865+00;SECRETARIAS - SGA - Repasse para Fundo Episcopal;21833;2.18.33;S;203;false;true;false
110198;2023-08-20 00:24:28.983623+00;2023-08-20 00:24:28.983654+00;SECRETARIAS - SGA - Repasse para Igrejas;21835;2.18.35;S;203;false;true;false
110190;2023-08-20 00:15:10.935147+00;2023-08-20 00:15:10.935176+00;SECRETARIAS - SGA - Repasse para SGA;21830;2.18.30;S;203;false;true;false
110191;2023-08-20 00:15:43.563101+00;2023-08-20 00:15:43.563142+00;SECRETARIAS - SGA - Repasse para SRA;21831;2.18.31;S;203;false;true;false
110192;2023-08-20 00:16:08.869758+00;2023-08-20 00:20:16.942646+00;SECRETARIAS - SGA - Repasse para SRF;21832;2.18.32;S;203;false;true;false
110171;2019-05-29 23:37:10.285808+00;2022-03-03 04:19:30.312339+00;SECRETARIAS - SGAS - 25% do FIW dos Clérigos;21819;2.18.19;S;203;false;false;false
213;2016-09-16 19:40:20.564337+00;2016-10-25 20:10:06.009148+00;SECRETARIAS - SGAS - Geral de Ação Social;21810;2.18.10;S;203;false;true;false
212;2016-09-16 19:39:51.271943+00;2016-10-25 20:09:51.907012+00;SECRETARIAS - SGEC - Geral de Educação Cristã;21809;2.18.09;S;203;false;true;false
209;2016-09-16 19:36:58.698613+00;2016-10-25 20:09:00.345756+00;SECRETARIAS - SGF - Geral de Finanças;21806;2.18.06;S;203;false;true;false
210;2016-09-16 19:38:50.090252+00;2016-10-25 20:09:16.48298+00;SECRETARIAS - SGM - Geral de Missões (Missões Estrangeiras);21807;2.18.07;S;203;false;true;false
110090;2016-10-26 18:14:28.854655+00;2016-10-26 18:16:29.624887+00;SECRETARIAS - SGM - Sustento de Missionários;21814;2.18.14;S;203;false;true;false
110118;2017-09-20 01:59:29.254311+00;2017-09-20 01:59:29.254389+00;SECRETARIAS - SGM/SGF - Estorno de depósito bancário;21815;2.18.15;S;203;false;true;false
206;2016-09-16 19:31:27.327352+00;2023-01-31 19:03:23.116289+00;SECRETARIAS - SRA - Regional de Administração;21803;2.18.03;S;203;false;true;false
110187;2022-02-16 22:01:13.182199+00;2022-02-18 12:38:26.132579+00;SECRETARIAS - SRA/FIW 100%;21823;2.18.23;S;203;false;true;false
208;2016-09-16 19:32:18.06579+00;2016-10-25 20:08:06.211569+00;SECRETARIAS - SRAS - Regional de Ação Social;21805;2.18.05;S;203;false;true;false
207;2016-09-16 19:31:47.753468+00;2023-01-31 19:02:59.950161+00;SECRETARIAS - SREC - Regional de Educação Cristã;21804;2.18.04;S;203;false;true;false
110179;2019-08-29 20:03:17.585446+00;2019-08-29 20:03:17.585486+00;SECRETARIAS - SRF - Custeio de Reuniões e Eventos;21821;2.18.21;S;203;false;true;false
110178;2019-08-29 20:02:29.594244+00;2019-08-29 20:02:29.594281+00;SECRETARIAS - SRF - Mudanças Pastorais;21820;2.18.20;S;203;false;true;false
110182;2020-12-10 17:20:38.378519+00;2020-12-10 17:20:38.378564+00;SECRETARIAS - SRF - Oferta de Gratidão;21822;2.18.22;S;203;false;true;false
204;2016-09-16 19:30:09.024347+00;2023-01-17 23:18:30.15039+00;SECRETARIAS - SRF - Regional de Finanças (COTA ÚNICA);21801;2.18.01;S;203;false;true;true
220;2016-09-16 19:45:44.60209+00;2019-01-09 14:02:15.007569+00;SECRETARIAS - SRF/SRA - IR - Repasse Imposto Retido de Clérigos;21811;2.18.11;S;203;false;true;false
221;2016-09-16 19:46:07.959715+00;2019-01-09 14:02:31.729169+00;SECRETARIAS - SRF/SRA - IR - Repasse Imposto Retido de Terceiros;21812;2.18.12;S;203;false;true;false
110127;2018-02-27 14:57:48.690592+00;2018-02-27 14:57:48.690673+00;SECRETARIAS - SRM - Conferencia Distrital;21818;2.18.18;S;203;false;true;false
110126;2018-02-27 14:56:28.72543+00;2018-02-27 14:56:28.725484+00;SECRETARIAS - SRM - Conferencia Regional;21817;2.18.17;S;203;false;true;false
110125;2018-02-27 14:54:54.901576+00;2018-02-27 14:54:54.901622+00;SECRETARIAS - SRM - Projetos da Secretaria;21816;2.18.16;S;203;false;true;false
205;2016-09-16 19:30:48.916044+00;2023-01-31 18:58:56.908385+00;SECRETARIAS - SRM - Regional de Missões;21802;2.18.02;S;203;false;true;false
110049;2016-10-24 14:07:26.845081+00;2016-11-10 01:08:16.564638+00;SGF - CAW - Complemento de Aposentadoria Wesleyana;23001;2.30.01;S;110048;false;true;false
110059;2016-10-24 14:16:38.605022+00;2016-10-25 19:45:36.604309+00;SGF - DESPESAS COM CLÉRIGOS;233;2.33;S;2;true;false;false
110055;2016-10-24 14:12:45.372339+00;2016-10-25 19:39:30.117692+00;SGF - DESPESAS OPERACIONAIS;232;2.32;S;2;true;false;false
110066;2016-10-24 14:23:08.255295+00;2016-10-25 19:51:26.244553+00;SGF - OUTRAS DESPESAS;234;2.34;S;2;true;false;false
110050;2016-10-24 14:09:32.296318+00;2016-10-25 19:37:22.925757+00;SGF - TARIFAS BANCÁRIAS;231;2.31;S;2;true;false;false
110053;2016-10-24 14:11:14.892635+00;2016-10-25 19:36:42.905873+00;SGF - TARIFAS BANCÁRIAS - AG 3403 C/C 21138-9;23103;2.31.03;S;110050;true;true;false
110054;2016-10-24 14:11:46.891926+00;2016-10-25 19:36:34.909556+00;SGF - TARIFAS BANCÁRIAS - AG 401 C/C 2369-8;23104;2.31.04;S;110050;true;true;false
110052;2016-10-24 14:10:36.220782+00;2016-10-25 19:36:49.874116+00;SGF - TARIFAS BANCÁRIAS - AG 401 C/C 6884-5;23102;2.31.02;S;110050;true;true;false
110051;2016-10-24 14:10:14.223912+00;2016-10-25 19:36:58.22128+00;SGF - TARIFAS BANCÁRIAS - AG 401 C/C 89340-4;23101;2.31.01;S;110050;true;true;false
110067;2016-10-24 14:23:36.510367+00;2016-10-25 19:53:10.240744+00;SGF/SRF - Ações Judiciais;23050;2.30.50;S;110048;false;true;false
110069;2016-10-24 14:24:36.978621+00;2016-10-25 19:54:18.929142+00;SGF/SRF - Consultorias;23052;2.30.52;S;110048;false;true;false
110070;2016-10-24 14:25:17.186037+00;2016-10-25 19:55:18.047021+00;SGF/SRF - Contratos de Prestação de Serviços;23053;2.30.53;S;110048;false;true;false
110065;2016-10-24 14:20:16.382156+00;2016-10-25 19:50:14.903588+00;SGF/SRF - DESPESAS COM CLÉRIGOS - Abono Natalino;23015;2.30.15;S;110048;false;true;false
110063;2016-10-24 14:19:16.960196+00;2016-10-25 19:48:54.202358+00;SGF/SRF - DESPESAS COM CLÉRIGOS - Aluguel e Iptu;23013;2.30.13;S;110048;false;true;false
110064;2016-10-24 14:19:47.943914+00;2016-10-25 19:50:37.47305+00;SGF/SRF - DESPESAS COM CLÉRIGOS - Férias;23014;2.30.14;S;110048;false;true;false
110082;2016-10-25 19:51:07.750505+00;2016-10-25 19:51:07.750579+00;SGF/SRF - DESPESAS COM CLÉRIGOS - Outras;23019;2.30.19;S;110048;false;true;false
110062;2016-10-24 14:18:49.319886+00;2016-10-25 19:48:18.608737+00;SGF/SRF - DESPESAS COM CLÉRIGOS - Plano de Saúde;23012;2.30.12;S;110048;false;true;false
110061;2016-10-24 14:18:19.075466+00;2016-10-25 19:46:40.048491+00;SGF/SRF - DESPESAS COM CLÉRIGOS - Prebendas a outros bispos;23011;2.30.11;S;110048;false;true;false
110060;2016-10-24 14:17:24.59668+00;2016-10-25 19:49:21.955547+00;SGF/SRF - DESPESAS COM CLÉRIGOS - Prebendas ao Bispo Geral/Regional;23010;2.30.10;S;110048;false;true;false
110048;2016-10-24 14:06:49.630494+00;2016-10-25 19:41:26.90745+00;SGF/SRF - DESPESAS DA SECRETARIA DE FINANÇAS;230;2.30;S;2;false;false;false
110094;2016-11-10 01:20:02.080404+00;2016-11-10 01:20:02.080486+00;SGF/SRF - DESPESAS DA SECRETARIA DE FINANÇAS - INSS;23016;2.30.16;S;110048;false;true;false
110057;2016-10-24 14:14:05.243846+00;2016-10-25 19:43:39.181494+00;SGF/SRF - DESPESAS OPERACIONAIS - Repasse a SGA/SRA - Dízimos;23003;2.30.03;S;110048;false;true;false
110058;2016-10-24 14:14:49.070835+00;2016-10-25 19:43:14.05629+00;SGF/SRF - DESPESAS OPERACIONAIS - Repasse ou Ajuda a Regiões;23004;2.30.04;S;110048;false;true;false
110072;2016-10-24 14:26:07.181747+00;2016-10-25 19:57:02.949843+00;SGF/SRF - Despesas Diversas;23099;2.30.99;S;110048;false;true;false
110056;2016-10-24 14:13:33.299777+00;2016-10-25 19:40:44.667272+00;SGF/SRF - Fundo Episcopal;23002;2.30.02;S;110048;false;true;false
110103;2017-06-07 21:29:03.915189+00;2017-06-07 21:29:03.915234+00;SGF/SRF - Repasse Para Secretarias/Instituições;23031;2.30.31;S;110048;false;true;false
110102;2017-06-07 21:28:25.277396+00;2017-06-07 21:28:25.277446+00;SGF/SRF - Repasse da Cota Única;23030;2.30.30;S;110048;false;true;false
110071;2016-10-24 14:25:48.311326+00;2016-10-25 19:56:18.297587+00;SGF/SRF - Seguros (Metlife);23054;2.30.54;S;110048;false;true;false
110068;2016-10-24 14:24:11.224014+00;2016-10-25 19:53:46.494928+00;SGF/SRF - Suporte Financeiro AGEMIW/SGM;23051;2.30.51;S;110048;false;true;false
100003;2016-10-08 01:42:32.825316+00;2016-10-12 07:56:58.660929+00;DEVOLUÇÃO DE CAIXA;311;3.11;T;100001;false;true;false
100001;2016-05-24 02:07:26.124+00;2016-05-24 02:07:26.124+00;TRANSFERÊNCIAS;3;3;T;\0;false;false;false
110095;2016-12-21 18:04:36.869371+00;2016-12-21 20:20:51.269707+00;TRANSFERÊNCIAS - Aplicação Financeira;303;3.03;T;100001;false;true;false
110098;2016-12-21 20:23:03.15158+00;2016-12-21 20:23:03.151653+00;TRANSFERÊNCIAS - Baixa de Aplicações Financeiras;313;3.13;T;100001;false;true;false
110121;2017-11-09 16:07:16.102422+00;2017-11-09 16:07:16.102563+00;TRANSFERÊNCIAS - Caixa Congregação para Caixa Sede;305;3.05;T;100001;false;true;false
110120;2017-11-09 16:06:02.50408+00;2017-11-09 16:06:42.533463+00;TRANSFERÊNCIAS - Caixa Sede para Caixa Congregação;304;3.04;T;100001;false;true;false
110128;2018-04-13 13:32:27.660849+00;2018-04-13 13:32:27.660881+00;TRANSFERÊNCIAS - Cheques Devolvidos;314;3.14;T;100001;false;true;false
110137;2018-06-26 23:39:15.328197+00;2018-06-26 23:39:15.328233+00;TRANSFERÊNCIAS - Crédito Operação Maquina de Cartão;306;3.06;T;100001;false;true;false
110096;2016-12-21 18:45:02.558884+00;2016-12-21 20:21:24.397112+00;TRANSFERÊNCIAS - Depósito em Conta Corrente;302;3.02;T;100001;false;true;false
110097;2016-12-21 20:22:22.942712+00;2016-12-21 20:22:22.942756+00;TRANSFERÊNCIAS - Saque ou Cheque;312;3.12;T;100001;false;true;false
100002;2016-10-08 01:41:58.581261+00;2016-12-21 20:21:13.135228+00;TRANSFERÊNCIAS - Suplemento de Caixa;301;3.01;T;100001;false;true;false
